07.09.2020,PKBO_40785,1
07.09.2020,PAP_90422,1
07.09.2020,PBI_110099,1
07.09.2020,ACC_45616,4
07.09.2020,KSOJ003_2958,1
07.09.2020,PBI_262624,2
07.09.2020,CJI_129403,1
07.09.2020,CMB_18433,1
07.09.2020,PPVS_3593,1
07.09.2020,INT_62432,2
07.09.2020,LAW_358901,1
07.09.2020,LAW_194679,1
07.09.2020,RZB_301825,2
07.09.2020,CJI_118077,1
07.09.2020,PBI_195020,1
07.09.2020,PBI_267273,1
07.09.2020,LAW_319280,1
07.09.2020,LAW_365236,3
07.09.2020,RLAW411_127426,1
07.09.2020,RLAW411_86207,1
07.09.2020,PBI_249358,1
07.09.2020,LAW_196563,1
07.09.2020,QUEST_198488,1
07.09.2020,KSOJ003_9351,1
07.09.2020,CMB_18951,2
07.09.2020,PKBO_22973,1
07.09.2020,PSP_14,1
07.09.2020,PAP_51199,1
07.09.2020,PKBO_42317,1
07.09.2020,LAW_354833,1
07.09.2020,PAP_49137,1
07.09.2020,LAW_197212,1
07.09.2020,LAW_16063,1
07.09.2020,DOF_90629,1
07.09.2020,PAP_100268,1
07.09.2020,PBI_88641,1
07.09.2020,LAW_358838,2
07.09.2020,CMB_18908,1
07.09.2020,LAW_344020,1
07.09.2020,CJI_115201,1
07.09.2020,CJI_111824,1
07.09.2020,RLAW390_95871,3
07.09.2020,QUEST_187407,1
07.09.2020,CJI_101579,1
07.09.2020,PKBO_10973,2
07.09.2020,PBI_241630,1
07.09.2020,DOF_88101,1
07.09.2020,LAW_357147,1
07.09.2020,CMB_15678,1
07.09.2020,LAW_33957,1
07.09.2020,RLAW073_287852,1
07.09.2020,CMB_18601,1
07.09.2020,LAW_358880,2
07.09.2020,PBI_274883,1
07.09.2020,LAW_331248,1
07.09.2020,RLAW411_119163,1
07.09.2020,PBI_186347,1
07.09.2020,CJI_80113,2
07.09.2020,KSOJ001_23059,2
07.09.2020,CMB_18311,1
07.09.2020,LAW_348006,1
07.09.2020,RLAW071_218656,3
07.09.2020,SIP_43775,1
07.09.2020,LAW_137256,2
07.09.2020,RZB_349289,2
07.09.2020,PBI_242488,1
07.09.2020,PBI_234390,2
07.09.2020,PAS_595734,1
07.09.2020,RLAW073_264024,1
07.09.2020,LAW_15593,1
07.09.2020,RLAW091_137583,1
07.09.2020,QUEST_135980,1
07.09.2020,LAW_347937,1
07.09.2020,CMB_16594,1
07.09.2020,QUEST_61263,1
07.09.2020,PKBO_38940,1
07.09.2020,CJI_109953,2
07.09.2020,PBI_242838,1
07.09.2020,LAW_181507,1
07.09.2020,PKBO_44717,1
07.09.2020,PBI_267827,1
07.09.2020,PBI_245676,1
07.09.2020,CMB_6637,1
07.09.2020,LAW_360297,1
07.09.2020,PAP_90990,1
07.09.2020,CJI_108872,2
07.09.2020,CJI_131137,1
07.09.2020,QUEST_188213,1
07.09.2020,PBI_245656,1
07.09.2020,PBI_164031,1
07.09.2020,LAW_298617,1
07.09.2020,RLAW071_243554,1
07.09.2020,LAW_206912,1
07.09.2020,PBI_154563,1
07.09.2020,RLAW091_82055,1
07.09.2020,PBI_236566,1
07.09.2020,PBI_218348,1
07.09.2020,PKBO_35460,1
07.09.2020,PAP_64015,1
07.09.2020,LAW_64805,1
07.09.2020,LAW_186586,1
07.09.2020,PBI_243886,1
07.09.2020,RLAW073_201855,1
07.09.2020,RLAW091_137682,1
07.09.2020,PKS_22,1
07.09.2020,CMB_16452,2
07.09.2020,LAW_327726,1
07.09.2020,PBI_251016,1
07.09.2020,PBI_245364,1
07.09.2020,RLAW091_92644,1
07.09.2020,RZB_163439,1
07.09.2020,CMB_18419,1
07.09.2020,LAW_333962,1
07.09.2020,PKBO_30319,1
07.09.2020,LAW_52900,1
07.09.2020,PKBO_30331,1
07.09.2020,PKBO_30335,1
07.09.2020,CMB_18289,1
07.09.2020,PAP_43218,2
07.09.2020,PAP_42575,1
07.09.2020,PSR_54288,1
07.09.2020,PAP_64023,1
07.09.2020,RLAW210_85765,2
07.09.2020,KSOJ006_11340,1
07.09.2020,CJI_107069,1
07.09.2020,LAW_173407,1
07.09.2020,ACC_45615,1
07.09.2020,PBI_243299,1
07.09.2020,LAW_32451,1
07.09.2020,LAW_330075,1
07.09.2020,CMB_18449,1
07.09.2020,LAW_82612,1
07.09.2020,RLAW091_101543,1
07.09.2020,RLAW091_137804,1
07.09.2020,CMB_15932,1
07.09.2020,PBI_249048,1
07.09.2020,CMB_18943,1
07.09.2020,RLAW091_137728,1
07.09.2020,CJI_95899,1
07.09.2020,RLAW411_97822,1
07.09.2020,RLAW026_35465,1
07.09.2020,PBI_257263,1
07.09.2020,LAW_223033,1
07.09.2020,QUEST_199090,2
07.09.2020,LAW_348835,2
07.09.2020,SIP_67940,1
07.09.2020,PBI_276596,2
07.09.2020,PBI_248351,1
07.09.2020,DOF_11445,1
07.09.2020,OTN_17440,1
07.09.2020,DOF_11095,1
07.09.2020,PAP_87187,1
07.09.2020,PBI_216967,1
07.09.2020,LAW_175516,1
07.09.2020,PBI_244321,1
07.09.2020,CMB_18945,1
07.09.2020,PSR_63228,1
07.09.2020,RLAW073_117428,1
07.09.2020,PKBO_22348,1
07.09.2020,CJI_118074,1
07.09.2020,QSBO_18636,1
07.09.2020,RLAW071_246041,1
07.09.2020,LAW_358163,2
07.09.2020,PAS_487101,1
07.09.2020,RLAW091_137807,1
07.09.2020,CJI_127671,1
07.09.2020,PAP_77274,3
07.09.2020,CMB_18905,1
07.09.2020,DOF_90227,1
07.09.2020,PKBO_31068,1
07.09.2020,INT_60763,2
07.09.2020,RLAW411_33636,1
07.09.2020,PKBO_22574,1
07.09.2020,PKBO_32716,1
07.09.2020,CJI_124970,1
07.09.2020,LAW_108446,1
07.09.2020,LAW_328770,1
07.09.2020,PBI_257547,2
07.09.2020,CMB_18765,1
07.09.2020,PKBO_45171,2
07.09.2020,DOF_43896,1
07.09.2020,RLAW071_181636,1
07.09.2020,PAP_50762,1
07.09.2020,QUEST_67468,1
07.09.2020,CMB_18843,2
07.09.2020,LAW_47706,1
07.09.2020,PBI_171788,1
07.09.2020,RLAW073_209403,1
07.09.2020,PAP_69825,1
07.09.2020,PAP_64010,1
07.09.2020,PKBO_30311,1
07.09.2020,LAW_330928,1
07.09.2020,PAP_49161,1
07.09.2020,PBI_192371,1
07.09.2020,PKV_896,1
07.09.2020,PBI_265687,2
07.09.2020,PKBO_44173,1
07.09.2020,LAW_291379,1
07.09.2020,ACC_45614,8
07.09.2020,PKV_73,1
07.09.2020,PBI_271737,1
07.09.2020,RLAW073_221399,1
07.09.2020,PAP_80955,1
07.09.2020,LAW_87367,1
07.09.2020,CMB_17702,1
07.09.2020,PBI_272982,1
07.09.2020,CMB_18749,1
07.09.2020,PPN_31,1
07.09.2020,PBI_244319,1
07.09.2020,LAW_212954,1
07.09.2020,LAW_80008,1
07.09.2020,CJI_1013,1
07.09.2020,LAW_31737,1
07.09.2020,PBI_100422,1
07.09.2020,RLAW071_286223,1
07.09.2020,RLAW411_144799,1
07.09.2020,PAP_49157,1
07.09.2020,LAW_22048,1
07.09.2020,CMB_18408,1
07.09.2020,PAP_22464,1
07.09.2020,RLAW390_96310,1
07.09.2020,PBI_269188,2
07.09.2020,CJI_103145,1
07.09.2020,LAW_328505,1
07.09.2020,PKBO_46696,1
07.09.2020,LAW_366323,1
07.09.2020,PAP_91083,1
07.09.2020,RAPS018_150545,1
07.09.2020,PKBO_30715,1
07.09.2020,CMB_10704,1
07.09.2020,DOF_90226,1
07.09.2020,LAW_344798,1
07.09.2020,CJI_60249,1
07.09.2020,PBI_236137,1
07.09.2020,RLAW073_295689,1
07.09.2020,RZB_362627,1
07.09.2020,KSOJ008_9124,1
07.09.2020,RLAW140_141922,1
07.09.2020,EXP_463690,1
07.09.2020,KSOJ001_6270,1
07.09.2020,KSOJ004_5736,1
07.09.2020,RLAW073_267715,1
07.09.2020,PKBO_42908,2
07.09.2020,LAW_200170,1
07.09.2020,RLAW390_96269,2
08.09.2020,PAP_85806,1
08.09.2020,CJI_111097,1
08.09.2020,PSP_14,1
08.09.2020,QSA_123136,1
08.09.2020,PBI_256382,1
08.09.2020,PKP_19,1
08.09.2020,CMB_18607,1
08.09.2020,RLAW368_33802,1
08.09.2020,LAW_315980,1
08.09.2020,ARB_196105,1
08.09.2020,ARB_584812,1
08.09.2020,CJI_114698,2
08.09.2020,RLAW411_100415,2
08.09.2020,SOSZ_139076,1
08.09.2020,PKBO_40431,1
08.09.2020,PKBO_46130,2
08.09.2020,RLAW411_120961,2
08.09.2020,LAW_353551,2
08.09.2020,LAW_346011,1
08.09.2020,PBI_263260,2
08.09.2020,PBI_239580,1
08.09.2020,CMB_18946,1
08.09.2020,CMB_17590,1
08.09.2020,PAP_15528,1
08.09.2020,LAW_316191,1
08.09.2020,CJI_116692,1
08.09.2020,LAW_359755,1
08.09.2020,ARB_582575,1
08.09.2020,CJI_86082,1
08.09.2020,QSBO_18753,1
08.09.2020,ARB_594441,1
08.09.2020,LAW_106224,1
08.09.2020,CMB_18822,1
08.09.2020,LAW_159032,1
08.09.2020,RZR_368061,2
08.09.2020,CMB_18943,1
08.09.2020,QSA_100429,1
08.09.2020,LAW_283383,1
08.09.2020,PPN_49,1
08.09.2020,RZR_107971,2
08.09.2020,LAW_366145,1
08.09.2020,PPVS_3344,1
08.09.2020,LAW_122021,1
08.09.2020,PPVS_1455,1
08.09.2020,CJI_119319,1
08.09.2020,CJI_113777,1
08.09.2020,LAW_23586,1
08.09.2020,SOCN_299954,3
08.09.2020,LAW_308377,1
08.09.2020,QSA_189099,1
08.09.2020,CJI_125582,1
08.09.2020,CJI_114181,2
08.09.2020,CJI_104089,1
08.09.2020,LAW_353935,1
08.09.2020,LAW_348250,1
08.09.2020,PBI_263362,1
08.09.2020,RLAW076_27588,2
08.09.2020,RLAW368_87840,1
08.09.2020,LAW_349884,1
08.09.2020,RGSS_52519,1
08.09.2020,PBI_255713,1
08.09.2020,PAP_14155,1
08.09.2020,PBI_77971,1
08.09.2020,LAW_133039,1
08.09.2020,RLAW273_57108,1
08.09.2020,OTN_5455,1
08.09.2020,CJI_127630,1
08.09.2020,ARB_191765,1
08.09.2020,RLAW368_126024,1
08.09.2020,PBI_251262,1
08.09.2020,EXP_644181,1
08.09.2020,CJI_126347,1
08.09.2020,CMB_18786,1
08.09.2020,QUEST_189162,1
08.09.2020,PAP_89279,1
08.09.2020,ACC_45616,1
08.09.2020,RLAW224_135482,1
08.09.2020,PNPA_1101,1
08.09.2020,CMB_16706,1
08.09.2020,LAW_54081,1
08.09.2020,ARB_534972,1
08.09.2020,INT_12517,1
08.09.2020,PSR_64895,1
08.09.2020,QUEST_196778,1
08.09.2020,CJI_127404,1
08.09.2020,CJI_114701,1
08.09.2020,OTN_21188,1
08.09.2020,PBI_227155,2
08.09.2020,PBI_245159,1
08.09.2020,PBI_269731,1
08.09.2020,RLAW509_40218,1
08.09.2020,PKBO_38705,1
08.09.2020,PBI_258924,2
08.09.2020,QSBO_21383,1
08.09.2020,PPN_57,1
08.09.2020,CJI_117778,1
08.09.2020,LAW_341385,1
08.09.2020,RLAW273_28957,1
08.09.2020,PBI_89382,2
08.09.2020,RLAW509_19971,1
08.09.2020,QSA_197077,1
08.09.2020,SOCN_1177587,1
08.09.2020,STR_8099,2
08.09.2020,ARB_587048,1
08.09.2020,PBI_248541,1
08.09.2020,CMB_18861,1
08.09.2020,PAP_77533,1
08.09.2020,PBI_242703,1
08.09.2020,ARB_460756,1
08.09.2020,RLAW076_51480,2
08.09.2020,PKBO_45485,1
08.09.2020,ACC_45614,3
08.09.2020,CJI_126543,1
08.09.2020,QSBO_21405,1
08.09.2020,CJI_131510,1
08.09.2020,QSA_128355,1
08.09.2020,PBI_276082,2
08.09.2020,RLAW224_63686,1
08.09.2020,PAP_14987,1
08.09.2020,PKBO_32925,1
08.09.2020,LAW_348585,1
08.09.2020,PBI_275727,1
08.09.2020,ARB_537754,1
08.09.2020,QSA_196654,1
08.09.2020,PKBO_31504,1
08.09.2020,PAP_14986,2
08.09.2020,SOUR_197605,1
08.09.2020,CJI_115984,1
08.09.2020,QSBO_21376,1
08.09.2020,QUEST_184480,1
08.09.2020,RLAW224_88725,1
08.09.2020,QSBO_19239,1
08.09.2020,MARB_1292081,3
08.09.2020,PBI_274310,1
08.09.2020,CJI_131187,1
08.09.2020,RZB_368074,2
08.09.2020,RLAW224_76122,1
08.09.2020,PBI_253814,1
08.09.2020,LAW_128377,1
08.09.2020,LAW_199488,1
08.09.2020,PPVS_3273,1
08.09.2020,CJI_54103,1
08.09.2020,PAP_16569,1
08.09.2020,PKBO_32989,1
08.09.2020,PBI_237182,1
08.09.2020,CJI_109360,1
08.09.2020,PBI_136597,1
08.09.2020,LAW_196812,1
08.09.2020,LAW_339977,2
08.09.2020,PAP_14548,1
08.09.2020,LAW_296027,1
08.09.2020,CMB_16583,1
08.09.2020,LAW_358813,1
08.09.2020,PBI_244146,1
08.09.2020,PBI_259945,1
08.09.2020,OTN_8049,1
08.09.2020,PBUN_9,1
08.09.2020,PBI_272491,1
08.09.2020,PAP_14324,1
08.09.2020,CMB_18713,1
08.09.2020,LAW_196844,1
08.09.2020,PPVS_3271,1
08.09.2020,LAW_349101,1
08.09.2020,PPVS_3587,1
08.09.2020,RLAW224_152666,1
08.09.2020,RLAW509_42073,1
08.09.2020,MLAW_198709,1
08.09.2020,CJI_122112,1
08.09.2020,RLAW509_53187,1
08.09.2020,PRJB_190622,1
08.09.2020,PBI_253437,1
08.09.2020,CMB_18182,1
08.09.2020,RLAW210_76306,2
08.09.2020,CJI_119248,1
08.09.2020,LAW_66207,1
08.09.2020,CMB_17851,2
08.09.2020,RLAW224_99207,1
08.09.2020,QSBO_21310,1
08.09.2020,LAW_290484,1
08.09.2020,LAW_366122,1
08.09.2020,PAP_58661,1
08.09.2020,PRJB_190333,1
08.09.2020,LAW_367917,1
08.09.2020,PBI_250112,1
08.09.2020,PBI_218668,1
08.09.2020,RLAW509_55458,1
08.09.2020,CJI_94900,1
08.09.2020,PKBO_36493,1
08.09.2020,ACC_45615,6
08.09.2020,LAW_139130,1
08.09.2020,PBI_273192,1
08.09.2020,PBI_254620,1
08.09.2020,PKBO_40679,1
08.09.2020,LAW_177894,1
08.09.2020,PKBO_33003,1
08.09.2020,QUEST_184961,1
08.09.2020,PBI_226907,1
08.09.2020,LAW_362347,2
08.09.2020,QUEST_197233,1
08.09.2020,PBI_258516,1
08.09.2020,LAW_19137,1
08.09.2020,PAP_1634,1
08.09.2020,PBI_260071,1
08.09.2020,PKBO_32999,1
08.09.2020,LAW_179580,1
08.09.2020,CJI_66441,1
08.09.2020,MLAW_164804,1
08.09.2020,QUEST_175494,1
08.09.2020,PBI_199903,1
08.09.2020,CMB_16818,1
08.09.2020,RLAW509_24943,1
08.09.2020,ARB_594265,1
08.09.2020,CJI_113102,2
08.09.2020,ARB_582771,1
08.09.2020,PBI_219185,1
08.09.2020,CMB_18895,1
08.09.2020,PBI_263072,1
